[
  {
    "intent": "search_wikipedia",
    "examples": [
      "tell me about Python",
      "who is Elon Musk",
      "search for Albert Einstein"
    ]
  },
  {
    "intent": "play_music",
    "examples": [
      "play music",
      "I want to hear a song",
      "play a song"
    ]
  },
  {
    "intent": "open_youtube",
    "examples": [
      "open YouTube",
      "start YouTube",
      "launch YouTube"
    ]
  },
  {
    "intent": "get_time",
    "examples": [
      "what time is it",
      "tell me the time",
      "current time"
    ]
  },
  {
    "intent": "control_youtube",
    "examples": [
      "pause video",
      "play video",
      "mute the video",
      "unmute",
      "next video",
      "full screen"
    ]
  },
  {
    "intent": "change_voice",
    "examples": [
      "change to female voice",
      "switch to male voice"
    ]
  },
  {
    "intent": "send_email",
    "examples": [
      "send an email to Deepanshu",
      "find Deepanshu"
    ]
  },
  {
    "intent": "exit",
    "examples": [
      "exit",
      "quit",
      "goodbye"
    ]
  }
]
